{
  "controlcages": [
    {
      "faces": [
        [13,12,1,3],
        [15,14,7,5],
        [16,15,5,9],
        [14,17,10,7],
        [8,11,6,4],
        [10,9,5,7],
        [12,16,9,1],
        [9,10,3,1],
        [17,13,3,10],
        [11,8,0,2],
        [12,13,2,0],
        [13,17,11,2],
        [17,14,6,11],
        [14,15,4,6],
        [15,16,8,4],
        [16,12,0,8]
      ],
      "verts": [
        [-0.0290861,-0.0402089,0.00301361],
        [-0.0553834,-0.0162431,0.247921],
        [-0.0345,0.0409257,0.0042854],
        [-0.0540943,0.0157331,0.254722],
        [0.0403843,-0.0372896,0.00630289],
        [0.00720087,-0.0206816,0.255472],
        [0.0354616,0.0384567,0.00603044],
        [0.0117778,0.0143928,0.257847],
        [6.82175e-05,-0.0381928,0.000495434],
        [-0.00379272,-0.0163465,0.252775],
        [-0.0104017,0.0200796,0.254153],
        [-0.00107279,0.0397462,0.00413865],
        [-0.0300388,-0.0131797,0.187773],
        [-0.0314645,0.0125067,0.188077],
        [0.0160385,0.0176659,0.186985],
        [0.0168091,-0.0144668,0.186206],
        [0.00430945,-0.0186135,0.184459],
        [-0.00559939,0.0214135,0.182957]
      ]
    },
    {
      "faces": [
        [13,12,1,3],
        [15,14,7,5],
        [16,15,5,9],
        [14,17,10,7],
        [8,11,6,4],
        [10,9,5,7],
        [12,16,9,1],
        [9,10,3,1],
        [17,13,3,10],
        [11,8,0,2],
        [12,13,2,0],
        [13,17,11,2],
        [17,14,6,11],
        [14,15,4,6],
        [15,16,8,4],
        [16,12,0,8]
      ],
      "verts": [
        [-0.0306163,-0.0387751,-0.00525767],
        [-0.039729,-0.0213263,0.0752521],
        [-0.0316668,0.0159053,-0.0112164],
        [-0.0397457,0.00869362,0.0798118],
        [0.0396065,-0.0219742,-0.00211206],
        [0.047518,-0.0126689,0.0874612],
        [0.022766,0.0150541,0.00368883],
        [0.0504969,0.014826,0.0850096],
        [0.00231796,-0.0289334,-0.00928017],
        [0.00364053,-0.0132521,0.0857064],
        [0.00174706,0.0165373,0.084424],
        [0.00216015,0.0189453,-0.0159441],
        [-0.0430083,-0.0236961,0.0370348],
        [-0.0371055,0.00819634,0.0402777],
        [0.0391673,0.00511105,0.0456646],
        [0.045448,-0.0210429,0.0375497],
        [-0.00527108,-0.00585477,0.0412071],
        [0.00233361,0.0185593,0.0382208]
      ]
    },
    {
      "faces": [
        [13,12,1,3],
        [15,14,7,5],
        [16,15,5,9],
        [14,17,10,7],
        [8,11,6,4],
        [10,9,5,7],
        [12,16,9,1],
        [9,10,3,1],
        [17,13,3,10],
        [11,8,0,2],
        [12,13,2,0],
        [13,17,11,2],
        [17,14,6,11],
        [14,15,4,6],
        [15,16,8,4],
        [16,12,0,8]
      ],
      "verts": [
        [-0.0110568,-0.0226187,-0.00733233],
        [0.00337256,-0.0229003,0.0413605],
        [-0.010909,0.00979323,-0.0116832],
        [-0.00821593,0.00999903,0.0486005],
        [0.0240713,-0.0213493,0.0146914],
        [0.0474359,-0.0322807,0.054293],
        [0.0290219,0.00203943,0.00523227],
        [0.0387537,-0.00581695,0.0546648],
        [0.0102357,-0.0235654,-0.00128273],
        [0.0284918,-0.0309181,0.0598999],
        [0.0160939,0.00345753,0.0518465],
        [0.0110471,0.0101933,-0.00840783],
        [-0.00965413,-0.0228762,0.0209595],
        [-0.0116919,0.0126804,0.0116262],
        [0.0349543,0.00186713,0.0245748],
        [0.0315555,-0.0258559,0.0249047],
        [0.0133205,-0.0262932,0.0206198],
        [0.014208,0.00840973,0.0219566]
      ]
    },
    {
      "faces": [
        [9,8,1,3],
        [11,10,7,5],
        [8,11,5,1],
        [10,9,3,7],
        [0,2,6,4],
        [1,5,7,3],
        [8,9,2,0],
        [9,10,6,2],
        [10,11,4,6],
        [11,8,0,4]
      ],
      "verts": [
        [-0.0100036,-0.0114205,-0.0104976],
        [-0.00993123,-0.0112763,0.0325555],
        [-0.0100036,0.0111932,-0.0104976],
        [-0.0100036,0.0111932,0.0358813],
        [0.0087231,-0.00797504,-0.0108169],
        [0.00972319,-0.0115137,0.0318101],
        [0.00985786,0.0111932,-0.00884252],
        [0.00962018,0.0111299,0.0319897],
        [-0.0075209,-0.00859375,0.0145194],
        [-0.0075209,0.00836648,0.0145194],
        [0.00737518,0.00836648,0.0145194],
        [0.00737518,-0.00859375,0.0145194]
      ]
    },
    {
      "faces": [
        [9,8,1,3],
        [11,10,7,5],
        [8,11,5,1],
        [10,9,3,7],
        [0,2,6,4],
        [1,5,7,3],
        [8,9,2,0],
        [9,10,6,2],
        [10,11,4,6],
        [11,8,0,4]
      ],
      "verts": [
        [-0.00993073,-0.0117845,-0.00984889],
        [-0.00993073,-0.0117845,0.0267023],
        [-0.00993073,0.0111929,-0.00984889],
        [-0.00993073,0.0111929,0.0267023],
        [0.00993073,-0.0117845,-0.00819369],
        [0.00993073,-0.0117845,0.0283575],
        [0.00993073,0.0111929,-0.00819369],
        [0.00993073,0.0111929,0.0283575],
        [-0.00744805,-0.00891233,0.00925431],
        [-0.00744805,0.00832073,0.00925431],
        [0.00744804,0.00832073,0.00925431],
        [0.00744804,-0.00891233,0.00925431]
      ]
    },
    {
      "faces": [
        [9,8,1,3],
        [11,10,7,5],
        [8,11,5,1],
        [10,9,3,7],
        [0,2,6,4],
        [1,5,7,3],
        [8,9,2,0],
        [9,10,6,2],
        [10,11,4,6],
        [11,8,0,4]
      ],
      "verts": [
        [-0.0124134,-0.0124134,-0.0109747],
        [-0.0124134,-0.0124134,0.0462012],
        [-0.0124134,0.0124134,-0.0109747],
        [-0.0124134,0.0124134,0.0462012],
        [0.0124134,-0.0124134,-0.00890582],
        [0.0124134,-0.0124134,0.0482701],
        [0.0124134,0.0124134,-0.00890582],
        [0.0124134,0.0124134,0.0482701],
        [-0.00931005,-0.00931005,0.0186477],
        [-0.00931005,0.00931005,0.0186477],
        [0.00931005,0.00931005,0.0186477],
        [0.00931005,-0.00931005,0.0186477]
      ]
    },
    {
      "faces": [
        [9,8,1,3],
        [11,10,7,5],
        [8,11,5,1],
        [10,9,3,7],
        [0,2,6,4],
        [1,5,7,3],
        [8,9,2,0],
        [9,10,6,2],
        [10,11,4,6],
        [11,8,0,4]
      ],
      "verts": [
        [-0.00993072,-0.013934,-0.00686399],
        [-0.00993072,-0.013934,0.0270113],
        [-0.00993072,0.00592739,-0.00686399],
        [-0.00993072,0.00592739,0.0270113],
        [0.00993072,-0.013934,-0.00520879],
        [0.00993072,-0.013934,0.0286665],
        [0.00993072,0.00592739,-0.00520879],
        [0.00993072,0.00592739,0.0286665],
        [-0.00744804,-0.0114513,0.0109013],
        [-0.00744804,0.00344471,0.0109013],
        [0.00744804,0.00344471,0.0109013],
        [0.00744804,-0.0114513,0.0109013]
      ]
    },
    {
      "faces": [
        [9,8,1,3],
        [11,10,7,5],
        [8,11,5,1],
        [10,9,3,7],
        [0,2,6,4],
        [1,5,7,3],
        [8,9,2,0],
        [9,10,6,2],
        [10,11,4,6],
        [11,8,0,4]
      ],
      "verts": [
        [-0.00997462,-0.0139302,-0.00621647],
        [-0.00997462,-0.0139302,0.0217526],
        [-0.00997462,0.00593123,-0.00621647],
        [-0.00997462,0.00593123,0.0217526],
        [0.00988682,-0.0139302,-0.00456137],
        [0.00988682,-0.0139302,0.0234077],
        [0.00988682,0.00593123,-0.00456137],
        [0.00988682,0.00593123,0.0234077],
        [-0.00749194,-0.0114475,0.00859566],
        [-0.00749194,0.00344855,0.00859566],
        [0.00740414,0.00344855,0.00859566],
        [0.00740414,-0.0114475,0.00859566]
      ]
    },
    {
      "faces": [
        [9,8,1,3],
        [11,10,7,5],
        [8,11,5,1],
        [10,9,3,7],
        [0,2,6,4],
        [1,5,7,3],
        [8,9,2,0],
        [9,10,6,2],
        [10,11,4,6],
        [11,8,0,4]
      ],